receivets,median,mean,stddev,p90,p95,p99
1716810808593627,68480,68480,0,,,
1716810808593627,68479.95,68479.95,0.05,,,
1716810808663260,68480,68480,0.0816496581,,,
1716810809314641,68480.025,68480.0125,0.07395099729,,,
